group,paired_n,lower_score,upper_score,benefit,upper_rescues_lower,lower_rescues_upper,incremental_total_tokens,incremental_reasoning_tokens
overall,772,0.7870616345254663,0.8364481004346211,0.04938646590915493,120,52,-1079.0880829015543,-439.02331606217615
data_analysis,150,0.6952,0.735,0.039799999999999995,25,18,-494.94,-507.84
instruction_following,200,0.898,0.8950833333333333,-0.002916666666666665,15,13,-178.23,-170.885
language,140,0.5944087210506934,0.735339981476238,0.14093126042554469,46,8,-1626.3,-411.48571428571427
math,132,0.8050330371709309,0.8505581019862695,0.04552506481533851,24,9,-1573.4318181818182,-245.08333333333334
reasoning,150,0.895,0.9416666666666667,0.04666666666666667,10,4,-1918.6266666666668,-924.0933333333334
data_analysis|cta,50,0.62,0.66,0.04,6,4,-151.02,-151.1
data_analysis|tablejoin,50,0.6456000000000001,0.685,0.03939999999999999,15,12,-1222.04,-1226.9
data_analysis|tablereformat,50,0.82,0.86,0.04,4,2,-111.76,-145.52
instruction_following|paraphrase,50,0.883,0.8676666666666667,-0.015333333333333334,2,3,-222.94,-215.5
instruction_following|simplify,50,0.9143333333333333,0.8993333333333333,-0.015,2,3,-124.36,-120.0
instruction_following|story_generation,50,0.885,0.8941666666666667,0.00916666666666667,5,3,-371.6,-339.6
instruction_following|summarize,50,0.9096666666666666,0.9191666666666667,0.009500000000000003,6,4,5.98,-8.44
language|connections,50,0.79,0.95,0.16,10,2,-4218.64,-1053.3
language|plot_unscrambling,40,0.3929305236774268,0.5611899351668332,0.16825941148940637,30,5,-507.425,-212.275
language|typos,50,0.56,0.66,0.1,6,1,70.94,70.96
math|math_comp,96,0.9270833333333334,0.9166666666666666,-0.010416666666666666,3,4,-1353.40625,-320.875
math|olympiad,36,0.4795655807378578,0.6742685961718768,0.19470301543401897,21,5,-2160.1666666666665,-42.97222222222222
reasoning|spatial,50,0.86,0.9,0.04,4,2,-1571.58,-498.3
reasoning|web_of_lies_v2,50,1.0,1.0,0.0,0,0,-938.26,-798.94
reasoning|zebra_puzzle,50,0.825,0.925,0.1,6,2,-3246.04,-1475.04
